timestamp,date
0,0
1693162234.621864,2023-08-27 20:50:34.622864
1693162243.195293,2023-08-27 20:50:43.195293
1693162245.272094,2023-08-27 20:50:45.273090
1693168748.190752,2023-08-27 22:39:12.518857
1693169207.984921,2023-08-27 22:46:52.501074
1693169273.304451,2023-08-27 22:47:57.940940
1693169873.305741,2023-08-27 22:57:58.516408
1693170473.305884,2023-08-27 23:07:58.774954
1693171228.866689,2023-08-27 23:20:34.044399
1693171397.205888,2023-08-27 23:23:21.627094
1693183395.232309,2023-08-28 02:43:19.294095
1693186554.673187,2023-08-28 03:35:58.647460
1693186691.42589,2023-08-28 03:38:19.046774
1693186815.063832,2023-08-28 03:40:22.568563
1693186920.656548,2023-08-28 03:42:03.449116
1693187059.608791,2023-08-28 03:44:24.979217
